Category Name,Shipments,Late_Risk_Rate,Average_Delay
Accessories,1780,56.96629213483146,0.5893258426966292
Baby ,207,52.65700483091788,0.4444444444444444
Baseball & Softball,632,55.22151898734177,0.5838607594936709
Books ,405,56.54320987654321,0.5333333333333333
Boxing & MMA,423,56.26477541371159,0.6666666666666666
CDs ,271,52.02952029520295,0.4612546125461255
Cameras ,592,58.108108108108105,0.6452702702702703
Camping & Hiking,13729,54.534197683735165,0.5513875737489985
Cardio Equipment,12487,54.496676543605346,0.5543365099703692
Children's Clothing,652,53.37423312883436,0.5797546012269938
Cleats,24551,54.97128426540671,0.5769622418638752
Computers,442,50.678733031674206,0.45475113122171945
Consumer Electronics,431,55.22041763341067,0.6380510440835266
Crafts,484,55.99173553719008,0.6342975206611571
DVDs,483,53.62318840579711,0.5300207039337475
Electronics,3156,56.083650190114064,0.5719264892268695
Fishing,17325,54.926406926406926,0.5551515151515152
Fitness Accessories,309,56.957928802588995,0.6148867313915858
Garden,484,55.78512396694215,0.5495867768595041
Girls' Apparel,1201,55.28726061615321,0.585345545378851
Golf Apparel,441,51.92743764172335,0.47392290249433106
Golf Balls,1475,54.57627118644067,0.5477966101694915
Golf Gloves,1070,56.26168224299065,0.6158878504672897
Golf Shoes,524,55.534351145038165,0.5782442748091603
Health and Beauty,362,55.80110497237569,0.5331491712707183
Hockey,614,53.583061889250814,0.46905537459283386
Hunting & Shooting,440,56.13636363636364,0.5613636363636364
Indoor/Outdoor Games,19298,54.74660586589284,0.5647217328220541
Kids' Golf Clubs,384,53.385416666666664,0.6197916666666666
Lacrosse,343,60.05830903790087,0.6588921282798834
Men's Clothing,208,54.32692307692307,0.5144230769230769
Men's Footwear,22246,54.48619976625011,0.5641913152926369
Men's Golf Clubs,283,47.70318021201413,0.3250883392226148
Music,434,57.14285714285714,0.5737327188940092
Pet Supplies,492,58.94308943089431,0.709349593495935
Shop By Sport,10984,55.15294974508376,0.5752913328477786
Soccer,138,54.347826086956516,0.717391304347826
Sporting Goods,357,55.46218487394958,0.6190476190476191
Strength Training,111,57.65765765765766,0.6666666666666666
Tennis & Racquet,328,55.79268292682927,0.649390243902439
Toys,529,55.009451795841215,0.5519848771266541
Trade-In,974,55.64681724845995,0.6314168377823408
Video Games,838,54.295942720763726,0.5763723150357996
Water Sports,15540,54.80694980694981,0.5673101673101673
Women's Apparel,21035,54.55669122890421,0.5595436177798907
Women's Clothing,650,56.46153846153846,0.6523076923076923
Women's Golf Clubs,181,53.591160220994475,0.5580110497237569
