Order Region,Shipments,Average_Delay,Late_Risk_Rate
Central Africa,1677,0.6398330351818724,57.960644007155636
South Asia,7731,0.5974647522959514,56.26697710516104
East Africa,1852,0.5707343412526998,55.93952483801296
Western Europe,27109,0.5974030764690693,55.84861116234461
South of  USA ,4045,0.5799752781211372,55.77255871446229
Eastern Europe,3920,0.5798469387755102,55.66326530612245
East of USA,6915,0.5848156182212582,55.66160520607375
Southeast Asia,9539,0.5582346157878184,55.52992976202956
Central Asia,553,0.6455696202531646,55.33453887884268
West Asia,6009,0.5694791146613413,55.28374105508404
US Center ,5887,0.5872260913878037,55.24036011550875
Central America,28341,0.5619420627359656,54.75459581525
North Africa,3232,0.5522896039603961,54.51732673267327
Southern Europe,9431,0.5156399109320327,54.38447672569187
Eastern Asia,7280,0.5664835164835165,54.32692307692307
South America,14935,0.5563441580180783,54.30867090726481
Northern Europe,9792,0.546875,54.04411764705882
Oceania,10148,0.556267244777296,54.02049664958612
West of USA ,7993,0.5572375828850245,53.959714750406604
Southern Africa,1157,0.4788245462402766,53.3275713050994
Caribbean,8318,0.5465256071170954,53.077662899735515
West Africa,3696,0.5505952380952381,52.84090909090909
Canada,959,0.3910323253388947,48.800834202294055
