Feature,Mean_Absolute_SHAP
Shipping Mode,1.4590527870321142
Type,0.37478830667002455
Order City,0.3075244308190075
Days for shipment (scheduled),0.25747758992181646
Customer City,0.1958366436494429
Order State,0.12887708670420583
Order Country,0.02535854047338375
Latitude,0.024536088163093467
Product Name,0.020466046639720414
Customer State,0.015285121006237216
Order Item Discount,0.01342770333217835
Longitude,0.01169407725006044
scheduled_days_bucket,0.009003444285664523
Order Item Discount Rate,0.00532823413642041
Category Name,0.004833625944932699
Customer Segment,0.0037653462773301646
Order Item Profit Ratio,0.0037608604280995103
Order Region,0.002186845025678521
Sales per customer,0.0005399046267388064
discount_amount_per_unit,0.00044600460885084665
Category Id,0.00044173599661208004
Order Item Product Price,0.00033202536514605527
geo_market_region,0.00030405452342337165
Sales,0.00021577995864589333
Department Id,0.00020272651084846934
price_discount_interaction,0.0001551742185737095
Order Item Quantity,0.00010446811349127285
Customer Country,5.0886618247935886e-05
Market,3.763419410918542e-05
Order Item Total,1.3200279161747911e-05
Department Name,0.0
Product Price,0.0
sales_per_quantity,0.0
